True phone,1st predicted phone,2nd predicted phone,3rd predicted phone,4th predicted phone,5th predicted phone
dcl,dcl,v,kcl,tcl,bcl
r,r,er,axr,dx,aa
tcl,tcl,pcl,kcl,bcl,f
q,ax,l,eh,ah,ow
l,n,ax,m,l,w
k,k,p,g,hh,kcl
ax-h,iy,y,ux,ix,ih
ix,ix,ax,ih,l,ah
axr,n,eh,hv,ix,dx
k,iy,k,ix,ih,g
axr,r,axr,dx,l,er
nx,dx,ix,n,v,dh
g,p,k,g,b,pcl
ax,v,dx,b,p,dh
ux,ix,ih,ux,iy,dx
g,k,p,g,d,t
z,s,z,tcl,f,th
aw,ae,eh,ix,dx,ih
s,s,z,sh,t,ch
b,b,v,m,n,dh
v,v,b,dh,tcl,gcl
kcl,s,z,t,k,d
axr,r,axr,er,ix,eh
iy,iy,ix,ey,y,ih
t,s,z,f,tcl,th
v,m,v,bcl,n,b
q,v,b,ax,ix,w
ix,ix,ih,eh,ae,hv
ix,ix,eh,ih,dx,ax
s,s,z,ch,th,t
z,s,z,sh,tcl,ch
dx,bcl,m,dcl,n,dx
w,ao,w,l,el,aa
ao,w,l,ao,el,ax
axr,eh,ix,ih,axr,r
ix,ih,ix,ae,eh,hv
ey,iy,ix,ey,eh,ae
n,n,ix,ih,dcl,en
eh,eh,ih,ae,hv,ix
p,b,d,p,v,ix
k,s,k,z,d,tcl
ao,w,l,ao,el,ax
eh,ae,eh,ih,ix,ey
n,ix,n,iy,ux,gcl
hh,p,f,k,b,t
ah,ax,ah,l,ix,eh
jh,s,sh,ch,t,z
d,d,ix,b,dx,dh
iy,iy,ix,y,ux,ih
w,w,ix,l,b,n
r,ix,ih,r,eh,iy
iy,iy,ix,ux,ih,y
l,bcl,m,v,w,dcl
n,n,m,b,v,dh
gcl,dcl,gcl,n,m,ix
r,eh,r,ih,ix,er
l,l,w,ax,ow,r
ae,ae,eh,ih,ix,ah
ax,ix,ax,l,ah,n
p,p,f,t,b,dh
gcl,kcl,tcl,b,v,pcl
w,w,l,ax,r,el
sh,s,z,sh,jh,tcl
d,sh,t,f,tcl,d
ng,n,ng,m,bcl,ix
iy,iy,ix,y,ih,ey
s,s,z,tcl,dh,dcl
ae,ae,eh,ix,ay,ah
w,n,m,w,ax,l
zh,sh,ch,jh,tcl,s
aa,ao,aa,l,q,ah
r,r,axr,er,aa,ay
t,f,p,t,pcl,th
el,l,ao,el,ow,ax
k,k,t,d,p,g
ix,ix,ih,dx,eh,iy
hh,t,d,p,f,k
er,r,axr,er,ae,aa
k,p,k,b,d,f
ae,ae,eh,r,ay,ey
ae,ae,r,eh,er,axr
ae,ae,eh,ix,ah,ay
ix,ey,eh,r,ih,er
w,n,m,bcl,w,ng
aa,aa,r,ay,q,ao
dcl,dx,dcl,b,v,m
l,l,ao,ah,ax,aa
ih,ix,ih,eh,dx,ax
axr,axr,r,er,ix,eh
q,p,b,pcl,tcl,f
tcl,pcl,tcl,kcl,bcl,dh
aa,aa,ay,ao,ah,aw
m,r,m,v,axr,ix
k,k,g,ix,d,ih
dcl,dcl,bcl,tcl,gcl,n
tcl,f,tcl,pcl,kcl,v
l,l,ao,el,w,ow
tcl,f,t,p,dh,k
k,k,f,t,dh,d
dcl,n,dcl,gcl,m,ng
ax,ix,d,dx,dcl,ih
z,z,s,dh,d,dcl
r,r,er,axr,eh,ih
t,f,t,p,d,s
r,r,axr,er,dx,ax
sh,sh,jh,s,ch,z
axr,ao,aa,ay,ah,ax
kcl,s,k,t,z,kcl
uw,ix,ih,n,ax,dx
q,iy,ux,ih,ix,dx
d,dx,ix,ux,d,b
ah,eh,ae,ay,ah,ax
s,s,z,sh,t,None
p,p,d,pcl,hh,tcl
eh,ae,eh,axr,r,ix
s,s,z,p,sh,jh
ng,n,m,gcl,ng,dcl
sh,sh,ch,jh,tcl,zh
m,m,n,ng,bcl,dcl
iy,iy,y,ix,dcl,gcl
n,l,ax,nx,dh,ao
eh,ae,eh,ey,ix,ih
l,l,aa,ax,ao,ow
ix,ix,ih,ux,dx,iy
ix,iy,ix,ih,y,ey
t,f,t,dh,d,th
aa,ay,aa,ae,ah,r
ih,iy,ih,y,axr,ix
iy,iy,ix,y,ux,ih
s,s,z,ch,sh,t
g,k,g,r,axr,ix
axr,r,dx,axr,ax,er
d,d,b,p,t,f
t,f,t,sh,tcl,p
t,t,f,dh,p,v
hv,p,b,aa,k,ax
m,w,v,m,n,bcl
n,n,dcl,m,dx,bcl
kcl,kcl,f,tcl,pcl,sh
r,r,axr,er,ix,iy
ey,w,eh,ix,ih,q
r,r,er,axr,dx,aa
ix,ix,ih,eh,q,dx
eh,ae,eh,ix,q,ih
r,dx,d,ix,ih,p
ix,ix,ih,ax,l,uh
dx,iy,y,dx,hv,ix
iy,ix,iy,ey,ih,ae
tcl,dcl,n,bcl,gcl,tcl
g,m,ax,n,v,l
l,b,v,l,w,n
dx,dx,nx,ax,ix,r
q,ix,eh,ax,ih,ae
axr,dx,ix,b,v,n
l,l,ao,w,el,aa
aa,ao,aa,l,ah,q
ih,ih,iy,ix,ux,y
dcl,v,l,b,dh,bcl
dcl,dcl,d,tcl,dx,v
axr,r,ix,axr,eh,er
nx,dcl,v,n,m,tcl
ah,ao,l,ah,ax,aa
ae,ae,ay,dx,ah,ix
ux,ix,ux,d,ih,dx
q,ow,ax,l,eh,ah
m,m,w,n,bcl,uw
s,s,z,tcl,t,ch
ax,ax,ah,ow,eh,l
uh,ix,ih,eh,ax,ae
ae,ae,eh,ix,q,ah
n,p,b,dh,v,dx
ax-h,iy,ix,y,dx,n
k,k,p,g,t,d
aw,ae,ay,aa,aw,ah
eh,axr,ix,r,eh,er
ax,l,w,el,ax,ow
iy,iy,ix,ih,ey,y
n,m,n,g,r,ax
v,r,v,dx,b,axr
bcl,f,pcl,tcl,kcl,dcl
ix,iy,ix,y,hv,ey
bcl,bcl,dcl,tcl,m,gcl
el,l,ao,w,ax,el
n,iy,n,y,ix,m
q,l,ax,aa,ao,ay
s,s,z,sh,ch,tcl
s,s,z,tcl,th,t
t,sh,ch,jh,t,k
n,n,m,hv,ng,dcl
r,ix,r,dx,ih,ux
dh,dh,f,tcl,t,kcl
ix,iy,ix,ey,hv,ae
iy,iy,ix,ey,ih,y
ix,iy,ih,ix,y,ux
ao,l,w,ao,el,ow
axr,r,axr,aa,er,dx
f,f,pcl,tcl,kcl,bcl
sh,s,z,sh,jh,ch
s,s,z,ch,tcl,jh
ah,n,ix,m,ax,eh
axr,r,axr,er,dx,b
ix,ix,ih,eh,ux,q
ix,ix,ih,iy,ey,q
ix,iy,ix,ey,ih,ux
d,s,z,tcl,t,d
z,s,z,th,f,tcl
bcl,bcl,v,m,dcl,n
ix,dh,ax,ix,v,m
b,b,p,dh,v,dx
s,s,z,ch,sh,t
aw,ae,eh,ah,aa,ay
tcl,s,z,tcl,t,dcl
v,v,b,dx,ix,r
iy,iy,y,ix,hv,d
ax,r,aa,axr,ah,ax
dcl,n,b,dcl,dh,v
l,w,n,ng,ix,gcl
z,s,z,sh,t,d
aa,r,ah,ay,eh,aa
k,k,t,p,d,f
aa,aa,ao,ah,ay,l
kcl,kcl,tcl,dcl,gcl,pcl
iy,iy,ix,ey,ih,ae
zh,sh,jh,ch,t,zh
ih,ix,ih,ux,iy,r
z,z,s,dh,tcl,dcl
l,l,ao,ow,ah,ax
d,d,t,sh,k,jh
ae,ix,eh,ih,ae,hv
f,f,tcl,th,kcl,v
ix,r,axr,er,dx,ih
er,ae,r,eh,er,axr
b,b,dh,v,p,d
dh,dh,t,f,d,b
t,t,s,z,d,dh
b,f,b,dh,t,p
dx,ix,dx,ih,eh,r
tcl,sh,s,tcl,z,jh
ey,iy,ey,ix,ih,dx
q,n,dcl,dx,ix,ux
iy,iy,ih,ix,dx,ux
n,n,m,ng,en,ix
m,m,n,ix,ae,dh
kcl,tcl,pcl,kcl,f,bcl
ix,ix,iy,y,gcl,ng
d,d,ix,t,n,k
pcl,tcl,pcl,kcl,v,f
d,t,k,dh,p,hh
iy,iy,ih,ix,ey,y
kcl,kcl,tcl,v,gcl,dcl
f,f,pcl,b,th,tcl
ao,ao,w,l,aa,ow
d,d,t,p,sh,b
s,s,z,jh,t,sh
ah,ae,eh,ix,d,ah
em,n,m,ix,ax,l
m,ix,ih,n,m,ax
dcl,dcl,dx,ux,d,y
z,s,z,tcl,t,None
s,s,z,sh,ch,tcl
ah,ay,ah,ae,ix,eh
ow,ax,ow,ix,eh,ah
gcl,tcl,pcl,kcl,dcl,gcl
w,w,l,ao,ax,r
m,n,m,ng,nx,em
kcl,kcl,tcl,v,f,dcl
dx,r,dx,axr,er,b
ih,ah,eh,ax,l,aa
r,axr,r,er,dx,l
v,v,b,w,l,m
l,ah,ax,l,r,ix
ae,ae,eh,ey,ih,ix
dcl,dcl,bcl,v,tcl,gcl
ah,ay,p,aa,b,q
m,m,n,bcl,dcl,l
z,s,z,tcl,None,None
dcl,bcl,dcl,tcl,v,dh
k,k,aa,ao,g,q
ao,ao,l,aa,w,q
s,s,z,sh,tcl,jh
eh,ae,eh,ix,ay,aw
dx,dx,ix,n,d,iy
tcl,pcl,tcl,kcl,bcl,f
s,z,s,th,tcl,v
ao,ao,l,w,ow,aa
eh,eh,ix,ih,ey,ae
ix,ae,ix,eh,ih,ey
s,s,t,f,sh,z
ax,ix,ax,ih,n,dx
dcl,dcl,dh,v,tcl,gcl
kcl,kcl,tcl,dcl,pcl,gcl
eh,eh,ae,ix,ih,ah
z,z,s,d,tcl,sh
er,eh,ix,ih,ey,axr
p,p,k,g,b,t
n,n,m,dcl,v,nx
s,s,z,f,tcl,dh
iy,n,iy,m,y,ix
bcl,dcl,bcl,n,tcl,gcl
f,f,pcl,tcl,kcl,th
k,k,t,p,g,d
s,s,z,tcl,d,None
l,l,el,ao,w,ow
n,iy,m,ix,n,ng
ix,iy,ux,ix,ih,y
el,l,ao,w,ah,q
ey,ey,ih,iy,ix,eh
sh,sh,ch,jh,s,tcl
s,s,z,sh,ch,tcl
iy,iy,y,ix,ih,ux
p,p,b,v,k,n
l,w,n,eh,ae,ng
hv,p,kcl,tcl,pcl,f
ax-h,k,t,sh,p,jh
w,l,w,ax,b,el
iy,ix,ih,iy,l,dx
er,r,er,axr,eh,ix
s,s,z,t,tcl,None
l,v,b,ax,dh,ay
d,t,d,f,s,tcl
b,b,p,v,f,dh
k,k,d,t,p,g
l,v,n,m,dcl,bcl
s,s,z,tcl,None,None
b,p,b,f,v,t
z,s,z,ch,jh,None
tcl,dcl,bcl,tcl,gcl,n
axr,r,aa,axr,ao,q
k,k,t,hh,sh,p
ih,iy,ih,ix,ux,ey
ux,ix,ih,eh,n,dx
s,s,z,sh,t,ch
m,ix,ih,ax,l,n
p,b,d,dh,t,p
z,s,z,None,None,None
ow,w,l,el,ao,ax
uh,l,ao,aa,ow,ax
t,t,f,d,s,p
ix,r,er,axr,eh,ih
ix,ae,eh,ix,ih,axr
iy,iy,dx,ix,n,v
ix,ix,n,dh,ih,b
r,r,axr,er,ix,ih
ey,ey,ih,ae,ix,ay
l,ah,aa,ao,ow,l
ey,ix,eh,ih,ey,ay
l,r,ax,ow,dx,uw
ng,n,ng,m,ix,en
gcl,r,v,m,axr,dx
pcl,kcl,pcl,tcl,gcl,dcl
iy,iy,ix,ih,ey,y
dcl,f,pcl,kcl,tcl,th
v,v,b,dh,dcl,pcl
ix,ix,ih,dx,ax,ux
tcl,dcl,bcl,tcl,gcl,kcl
t,s,z,t,dcl,tcl
ax,ix,ax,eh,ih,ah
r,r,er,axr,dx,ix
ae,ae,ix,eh,ih,q
k,k,t,d,jh,sh
t,sh,t,f,tcl,ch
n,n,m,ng,gcl,bcl
ih,ey,ih,ix,eh,iy
ng,n,v,m,w,b
r,r,axr,er,dx,ix
f,f,t,sh,th,tcl
r,r,dx,axr,er,v
ow,ao,l,aa,ow,el
ax,b,dh,ix,eh,ax
sh,s,z,sh,ch,jh
m,n,m,bcl,ng,dcl
ix,ix,n,ih,m,dx
q,ix,ax,b,ah,q
m,n,m,ix,ax,uw
ih,iy,ix,ey,ih,ae
l,l,ao,el,ax,w
m,m,r,dx,b,n
pcl,tcl,kcl,pcl,dcl,bcl
n,v,ax,ix,dh,w
sh,s,z,sh,ch,jh
s,s,z,tcl,None,None
z,s,z,t,tcl,ch
q,ae,ix,eh,ah,ax
ow,aa,ax,ow,ah,aw
t,t,f,d,k,sh
s,s,z,tcl,ch,t
q,ae,eh,ih,ix,ey
aa,r,axr,er,aa,ay
kcl,pcl,kcl,tcl,dcl,None
ax,ix,ax,eh,ih,l
iy,iy,ix,ux,ih,y
w,w,l,b,aa,ax
r,r,axr,er,aa,ay
tcl,pcl,tcl,kcl,v,dcl
z,s,z,t,d,p
n,dcl,gcl,n,tcl,bcl
n,dcl,n,dx,tcl,v
l,r,ix,ax,ih,l
m,n,m,ax,dh,v
f,tcl,f,pcl,kcl,v
iy,iy,ey,ih,ix,y
eh,r,axr,er,eh,ih
ey,ey,ix,iy,ih,eh
kcl,kcl,f,tcl,pcl,v
eh,ae,eh,q,aa,ah
gcl,dcl,gcl,bcl,tcl,v
b,k,f,p,t,dh
iy,dh,p,iy,v,n
sh,s,sh,z,ch,t
r,r,v,axr,b,ax
el,w,l,el,ax,ow
m,n,m,dx,nx,dcl
th,s,f,z,t,th
kcl,pcl,tcl,kcl,dcl,bcl
tcl,s,z,tcl,t,th
s,f,s,tcl,th,z
ix,ix,eh,ih,ae,ax
r,r,er,axr,dx,eh
r,r,axr,ix,dx,ih
eh,d,ae,eh,ih,ix
ix,r,ae,eh,aa,axr
iy,iy,ix,ux,ih,ey
ix,ax,ix,l,ih,ow
ix,iy,ih,ix,ey,l
s,s,z,tcl,t,None
y,iy,y,ux,ix,ih
aa,aa,ah,ay,ao,aw
eh,eh,ih,ae,ey,ix
kcl,kcl,tcl,f,v,z
tcl,pcl,tcl,kcl,dcl,gcl
dh,s,z,tcl,f,dh
t,f,t,sh,d,p
g,k,g,p,dx,kcl
dx,dx,n,ix,nx,d
dcl,dcl,dx,kcl,b,tcl
axr,ix,eh,ih,ae,axr
f,f,t,dh,v,p
ux,iy,ix,ey,ih,ux
n,n,w,m,v,r
l,l,w,ax,b,el
hh,k,hv,hh,p,sh
dx,dx,v,gcl,ix,n
m,m,n,ng,bcl,gcl
dcl,bcl,n,m,dcl,v
dcl,tcl,sh,z,s,dcl
eh,r,er,eh,axr,ih
w,l,w,ax,ow,el
pcl,bcl,dcl,tcl,pcl,gcl
ao,ao,aa,l,oy,ah
axr,iy,ih,ix,ux,y
ay,ay,ae,aa,ah,eh
ix,r,ix,axr,ih,er
s,s,z,sh,f,tcl
er,ey,eh,r,ih,iy
dcl,dcl,tcl,bcl,v,kcl
ae,ae,eh,ay,ix,aa
hv,hh,k,d,p,tcl
ix,ng,iy,ix,hv,n
oy,ah,aa,ao,ax,ay
ix,ix,ih,eh,ay,ey
r,r,axr,er,eh,aa
t,t,d,k,f,p
ae,eh,ae,ix,ah,ax
iy,ix,iy,ih,ey,ux
s,s,z,None,None,None
n,n,dcl,b,dh,dx
ih,ix,dx,v,ax,ih
r,r,v,m,l,b
d,d,t,b,f,dh
r,r,ix,iy,axr,ih
er,r,er,axr,ih,ax
ix,ux,ix,dx,ih,iy
aa,aa,ao,l,ah,ax
hv,p,b,k,t,hv
n,n,w,ae,eh,ih
ih,ih,ey,ix,iy,ux
s,s,z,t,d,None
dx,dcl,bcl,tcl,gcl,dh
t,f,t,dh,p,d
y,iy,y,ix,ux,ih
l,l,w,el,ow,ao
ix,ix,eh,ax,ae,ah
r,v,ax,r,l,b
ux,ux,ix,iy,ih,uw
dh,dh,t,d,f,k
n,n,iy,m,dcl,ux
m,r,ix,axr,ih,iy
bcl,dcl,bcl,n,tcl,gcl
nx,n,m,ng,nx,dx
kcl,kcl,f,t,sh,tcl
ax,l,ax,w,ah,el
t,sh,t,ch,jh,d
kcl,kcl,k,s,t,f
el,l,ax,el,ow,uh
ah,ix,ih,eh,dx,d
iy,ey,iy,eh,ix,ih
uw,ix,ih,m,r,ax
ix,iy,ih,ix,ux,y
sh,s,z,sh,ch,tcl
d,f,dh,t,d,p
n,ix,n,iy,ih,m
n,ix,ax,ih,eh,ah
tcl,tcl,s,f,pcl,th
dcl,dcl,z,d,tcl,gcl
tcl,tcl,pcl,kcl,f,v
iy,ix,ih,iy,ux,ey
ao,aa,ay,ao,l,oy
w,ao,w,l,r,aa
l,l,ah,ax,b,ao
iy,ix,iy,ih,ux,dx
axr,r,er,axr,dx,eh
b,b,v,w,dh,p
l,ao,ah,l,aa,ax
n,n,m,ng,en,dcl
ae,ae,eh,r,ix,er
b,b,p,v,dh,f
t,d,t,k,p,dh
l,l,ao,w,ax,aa
hv,k,kcl,tcl,p,n
n,n,m,ng,gcl,en
aa,aa,ao,ay,ah,l
r,r,axr,dx,er,v
ae,ae,eh,ay,ix,r
r,r,axr,er,eh,v
ae,ih,ix,eh,hv,ey
iy,iy,ih,y,ix,ey
b,b,v,l,w,ae
dx,ix,ih,iy,ey,hv
ey,ix,ih,ey,iy,eh
iy,ix,iy,ih,ey,ux
jh,dx,d,b,ih,ux
r,r,ae,axr,eh,ay
z,s,z,t,dcl,d
hv,hv,ih,ix,iy,hh
dcl,dcl,dx,tcl,b,n
m,m,n,dh,ix,ax
eh,ae,eh,ix,ih,axr
ng,dx,d,ix,b,ih
hv,dcl,k,d,tcl,hh
gcl,dcl,bcl,tcl,gcl,kcl
pcl,f,pcl,kcl,tcl,p
dcl,dcl,bcl,tcl,gcl,n
tcl,tcl,pcl,kcl,dcl,v
s,s,z,sh,tcl,jh
tcl,tcl,pcl,kcl,dcl,gcl
r,r,axr,er,aa,q
pcl,tcl,pcl,f,kcl,bcl
ch,sh,ch,jh,tcl,t
z,z,s,tcl,dcl,pcl
k,t,d,dh,k,p
r,ae,eh,r,ix,w
hv,hv,dx,v,gcl,ix
n,dh,n,dx,m,nx
dcl,tcl,s,z,f,dcl
eh,ix,ae,eh,ih,dx
kcl,kcl,p,k,g,f
ux,iy,ih,ix,ey,ux
d,kcl,f,tcl,d,v
tcl,dcl,d,dx,v,jh
g,v,b,dh,l,g
pcl,pcl,tcl,kcl,v,dcl
d,ix,d,ih,dx,iy
sh,sh,jh,ch,tcl,s
m,m,n,bcl,en,ng
ix,ix,iy,ey,ih,eh
em,n,m,ng,gcl,iy
aa,ay,ae,ah,aa,aw
w,w,b,v,l,m
iy,ix,iy,ux,n,ih
ao,aa,ao,r,ay,ah
ax,ix,ih,ux,iy,q
pcl,pcl,tcl,kcl,dcl,bcl
ax,l,ax,ah,oy,dh
l,l,ao,ow,ax,ah
ay,ay,aa,ae,r,aw
bcl,bcl,dcl,tcl,gcl,dx
kcl,n,dcl,gcl,m,tcl
v,v,b,dx,kcl,tcl
ix,ae,eh,ix,ih,ah
g,g,k,axr,r,ix
l,l,ao,ax,ow,aa
ay,aa,ah,ay,ao,oy
dcl,dcl,gcl,v,tcl,kcl
ix,ix,dx,ih,d,iy
l,l,ao,el,aa,ax
m,n,m,ix,en,ax
ux,iy,ix,ih,ux,y
eh,r,er,axr,eh,ax
hh,k,d,sh,t,jh
aa,aa,r,ao,ay,ah
hh,k,p,dx,kcl,g
p,p,dh,f,pcl,b
oy,oy,l,dx,ix,r
aa,aa,ax,ao,r,q
dh,t,tcl,dh,f,s
l,ix,ih,eh,q,m
er,r,axr,er,ah,eh
r,r,v,b,axr,ax
ao,l,ao,w,ow,el
kcl,tcl,pcl,kcl,f,dcl
s,s,z,jh,t,None
w,w,v,l,m,r
ih,ix,ih,iy,ey,ux
l,l,n,ax,ao,aa
dx,dx,axr,r,er,nx
s,s,z,sh,tcl,ch
iy,iy,ux,y,ix,ih
ng,n,ng,m,iy,en
ah,ow,ah,aa,ax,r
ih,ix,hv,ih,iy,ey
ae,ix,r,eh,ah,aa
ay,ay,ih,ix,ae,eh
ae,ae,ay,eh,r,aa
q,ix,ih,ax,l,dh
axr,ix,n,r,eh,er
ix,r,er,axr,dx,ih
t,s,t,d,z,p
kcl,kcl,tcl,f,pcl,dcl
ih,eh,ih,ax,ix,ae
d,d,ix,z,t,dcl
dh,ax,ix,l,ih,uh
g,k,t,hh,g,p
d,dx,ih,v,dh,ix
q,eh,ih,ae,ix,q
t,t,f,th,dh,s
w,w,l,ao,ax,el
kcl,s,kcl,z,tcl,pcl
ae,ae,eh,ih,ix,nx
gcl,ix,d,dx,dcl,n
n,dcl,n,m,tcl,gcl
ih,ix,iy,dx,k,n
tcl,f,t,tcl,s,th
k,k,s,p,dh,t
z,sh,jh,ch,tcl,s
ix,iy,y,ix,ux,ih
kcl,s,z,tcl,f,th
d,d,t,sh,jh,p
r,iy,ix,ey,ih,r
tcl,tcl,pcl,kcl,dcl,gcl
g,d,jh,dcl,k,y
q,iy,y,q,ix,k
m,ix,m,n,r,dx
ix,iy,ix,ih,r,ey
n,dcl,n,m,tcl,gcl
ao,ao,aa,l,ow,ax
er,r,axr,er,aa,ix
k,k,kcl,g,f,t
er,axr,r,er,eh,uw
sh,sh,ch,jh,s,t
d,p,dh,d,b,ae
iy,hv,hh,iy,n,ix
ih,ix,dx,ih,r,v
ao,l,ao,aa,w,ax
v,v,b,dh,p,d
m,bcl,tcl,dcl,v,pcl
s,s,z,t,None,None
nx,n,dx,d,dcl,m
ey,ey,ih,ix,eh,iy
bcl,tcl,pcl,kcl,bcl,dcl
f,f,p,t,v,d
ix,ih,ey,ix,eh,iy
z,s,f,z,tcl,th
k,k,g,kcl,p,t
tcl,s,tcl,z,pcl,th
s,s,z,t,sh,jh
kcl,n,dcl,tcl,gcl,v
ae,ae,ix,r,er,eh
iy,n,iy,m,dcl,ix
k,k,t,sh,p,d
f,f,p,b,kcl,pcl
kcl,tcl,pcl,kcl,dcl,f
t,f,t,dh,th,s
aa,r,aa,ah,axr,ax
ux,ix,ih,eh,nx,q
ix,ix,n,dx,d,ih
iy,iy,ix,y,ih,ux
ih,iy,ix,dx,ih,q
k,k,kcl,p,f,dh
aa,ae,ay,aa,ah,eh
gcl,dcl,n,gcl,tcl,bcl
f,pcl,kcl,f,tcl,v
tcl,k,kcl,p,b,f
el,w,l,ow,ax,ao
v,v,b,dx,r,m
d,d,p,dx,ix,t
hh,sh,k,jh,ch,s
q,iy,ix,y,ux,dx
r,r,axr,w,ao,l
r,r,axr,er,aa,ah
y,ix,ih,eh,ey,dx
v,v,r,b,dx,dh
tcl,pcl,tcl,kcl,dcl,bcl
iy,ix,dx,ih,d,n
ao,w,ao,l,ow,r
z,s,z,sh,jh,ch
k,k,g,kcl,d,p
pcl,tcl,bcl,dcl,v,pcl
ux,iy,y,dx,ih,ux
k,k,t,d,g,sh
s,s,z,sh,t,tcl
r,ae,eh,ix,ay,ah
ix,ix,n,ae,ih,eh
n,n,dcl,m,tcl,gcl
dcl,dcl,n,v,gcl,dh
l,l,w,ax,ao,b
kcl,dcl,kcl,tcl,dx,v
dh,dh,v,b,dcl,pcl
t,k,t,sh,ch,p
t,sh,s,jh,tcl,d
ix,l,n,w,el,m
q,ey,ix,ih,eh,iy
b,v,b,r,l,dx
w,ax,ix,l,w,dh
b,v,b,dh,tcl,dcl
sh,sh,jh,s,tcl,ch
ix,eh,ae,ay,ah,oy
tcl,s,z,tcl,None,None
th,s,z,th,t,tcl
n,n,m,ng,nx,en
ix,iy,ux,ix,y,ih
ow,l,ow,ao,el,w
k,k,p,g,b,kcl
eh,ix,eh,ae,ih,dx
zh,sh,ch,jh,zh,z
dcl,dcl,v,gcl,dh,kcl
uh,ix,ih,ax,dx,n
b,f,b,d,dh,t
m,bcl,m,n,dcl,v
t,p,d,b,t,f
ix,ix,iy,ih,dx,y
bcl,tcl,kcl,f,pcl,dcl
er,axr,r,er,ix,ih
p,p,t,k,b,pcl
tcl,dcl,tcl,gcl,bcl,kcl
ax,ax,ow,ah,eh,ix
m,n,m,ng,ix,nx
ae,ae,ix,eh,r,ax
ah,ax,aa,ow,ah,b
ay,ay,aa,ao,ah,l
w,l,w,r,ax,b
r,aa,ah,ax,ow,ao
s,s,t,z,d,th
w,w,l,b,ow,ao
q,w,l,el,ao,ow
b,b,v,dh,p,tcl
d,d,z,t,s,jh
q,ae,ao,aa,w,q
axr,r,ix,axr,iy,ih
s,s,z,t,d,None
r,r,v,axr,b,dx
dh,f,dh,t,b,d
s,s,z,tcl,sh,ch
ah,ah,aa,ax,ay,ow
n,n,dcl,gcl,tcl,dh
ao,l,ao,w,el,ow
ae,r,eh,aa,ae,ix
ih,ih,iy,ix,ux,eh
m,r,ix,dx,dh,ih
ix,iy,ix,ih,ey,y
m,ix,r,ux,ih,dx
m,n,dcl,m,dx,nx
ah,ah,eh,ay,ae,ow
tcl,n,gcl,m,tcl,dcl
ah,ay,eh,ah,ae,ax
tcl,pcl,kcl,tcl,f,th
d,k,d,t,p,dx
ao,ao,l,aa,w,ow
dcl,v,l,w,bcl,b
r,r,axr,er,ae,ay
p,p,f,t,dh,b
r,aa,ao,r,ah,ow
uh,dx,ih,iy,ix,ux
aa,aa,ao,ow,ah,ay
f,f,tcl,pcl,v,bcl
k,k,t,d,p,g
d,b,v,dh,p,d
ih,eh,ih,ey,r,ix
n,n,m,en,dcl,bcl
ay,ae,b,p,eh,dh
iy,iy,ih,ix,ey,w
aa,r,er,axr,aa,ae
y,iy,y,ix,q,d
s,s,z,tcl,t,None
kcl,f,tcl,kcl,pcl,sh
ao,r,ao,l,aa,b
iy,iy,ix,ey,y,ux
s,s,z,t,d,sh
s,s,z,tcl,t,dcl
y,iy,ix,y,ih,ey
t,t,p,k,kcl,sh
b,p,b,v,k,pcl
el,l,el,ow,ax,w
axr,axr,r,er,ix,eh
bcl,w,v,n,bcl,dcl
tcl,sh,jh,s,ch,tcl
s,s,z,sh,tcl,d
eh,aa,ao,l,ax,ah
iy,iy,ih,ey,ix,y
gcl,dcl,gcl,v,tcl,b
p,dh,b,bcl,p,t
t,t,f,d,s,p
ay,ay,aa,ae,ah,aw
ix,iy,ix,y,ih,ey
t,t,f,tcl,th,s
n,n,m,ng,en,ix
jh,axr,r,er,ih,ix
b,d,b,dx,dcl,p
dx,ix,ux,dx,ih,r
gcl,dcl,gcl,tcl,kcl,bcl
tcl,f,tcl,pcl,kcl,dh
aa,aa,ah,ay,eh,aw
n,n,m,nx,dx,dcl
ae,r,ae,er,axr,eh
tcl,pcl,kcl,tcl,v,f
dx,r,dx,axr,er,n
s,s,z,tcl,t,None
dx,ix,ih,eh,ae,n
ae,ae,r,eh,q,aa
ao,ao,l,w,aa,ow
y,ih,ix,iy,ey,ux
ow,l,ao,ow,w,aa
ih,iy,y,ix,ih,d
ix,ih,iy,ey,ix,q
ae,ae,eh,q,ix,ay
q,ay,ae,aa,ah,ax
b,v,b,dh,ix,n
r,r,axr,er,dx,eh
ng,n,ng,m,ix,gcl
ix,ix,ih,ax,ux,dx
oy,oy,l,ow,ao,aa
axr,r,axr,aa,ao,v
r,ax,ah,l,aa,r
g,k,d,hv,dx,g
y,iy,y,ix,ih,dx
g,b,k,g,dx,l
s,sh,s,jh,ch,tcl
dcl,dcl,gcl,tcl,n,v
nx,n,m,ng,nx,en
axr,r,axr,er,eh,aa
tcl,tcl,d,t,dh,n
ix,ix,ux,ih,dx,uw
ae,ae,d,k,ix,ah
f,f,th,p,kcl,v
ch,sh,ch,jh,s,z
l,r,l,v,w,ax
dh,dh,f,t,d,b
w,w,n,l,ix,ih
gcl,dcl,bcl,tcl,gcl,pcl
ao,r,axr,dx,er,v
s,s,z,sh,tcl,ch
r,r,axr,dx,er,aa
ix,l,ow,ax,el,ah
axr,axr,r,er,aa,ao
pcl,pcl,tcl,f,kcl,dcl
tcl,tcl,pcl,f,kcl,dcl
eh,l,ao,ax,aa,ah
dcl,dcl,gcl,v,tcl,dh
ay,ay,ae,aa,ao,oy
z,f,sh,s,ch,t
t,s,z,t,d,tcl
iy,iy,ix,y,ih,ey
dcl,sh,s,ch,z,tcl
ax,l,ax,ih,uh,ix
ae,ae,ix,eh,ih,n
aa,aa,r,ao,axr,ax
b,iy,ix,ih,ey,dx
k,k,p,ao,g,aa
gcl,dcl,bcl,n,tcl,gcl
b,d,b,p,k,t
aw,ae,eh,ay,ix,ah
ow,ao,aa,l,r,q
g,b,v,p,g,k
l,l,w,b,ao,ax
w,w,l,el,ao,q
pcl,pcl,tcl,kcl,bcl,dcl
l,ow,ax,aa,ah,l
m,dcl,n,bcl,m,dh
dh,l,dh,v,ax,w
aa,aa,ao,ow,ay,ah
n,dcl,bcl,gcl,tcl,m
s,s,t,z,dh,d
ux,iy,ix,y,q,ih
f,f,th,tcl,pcl,s
d,f,th,t,v,s
er,r,axr,ix,eh,er
t,t,sh,f,ch,k
jh,sh,ch,jh,t,k
l,l,w,ao,ax,el
gcl,dcl,bcl,gcl,tcl,kcl
kcl,kcl,dcl,tcl,v,pcl
v,f,tcl,pcl,kcl,v
t,d,t,k,tcl,jh
tcl,tcl,kcl,pcl,bcl,f
n,n,ix,w,b,dh
dx,ax,ix,dx,nx,ah
el,l,ao,el,ow,ax
bcl,bcl,m,v,dcl,b
ae,ae,eh,ih,ah,ix
p,f,pcl,tcl,th,b
axr,ix,iy,ih,axr,dx
s,s,z,sh,tcl,jh
iy,iy,ix,y,ux,ih
y,ih,ix,iy,ux,y
s,s,z,sh,tcl,jh
jh,sh,jh,ch,tcl,s
w,w,l,ao,el,ow
ix,ix,eh,ae,ih,d
m,m,n,ng,en,bcl
g,d,b,dx,nx,k
ah,ae,eh,ix,ih,q
t,t,k,p,hh,d
n,bcl,n,dcl,m,w
n,n,m,ix,ng,nx
ix,ix,ih,iy,eh,ae
r,ax,r,aa,ao,ah
f,f,p,k,v,d
m,v,b,m,w,n
kcl,kcl,tcl,f,pcl,dcl
dx,dx,d,ix,dcl,ux
dh,dh,b,d,dx,p
m,n,dcl,m,dx,iy
eh,ix,ih,eh,ae,ax
dh,n,ax,m,l,nx
ao,ao,aa,l,ow,ax
iy,iy,y,ix,hv,n
nx,n,dx,ix,m,nx
dx,dx,ix,r,ih,iy
ih,ix,v,b,dx,n
ae,ae,ix,ih,eh,hv
kcl,kcl,f,pcl,tcl,p
eh,ae,eh,ih,ix,r
ng,m,n,bcl,v,w
hv,iy,ix,ih,dx,hv
s,s,z,tcl,None,None
pcl,pcl,tcl,f,dh,th
z,s,t,z,f,sh
tcl,f,kcl,pcl,tcl,b
l,l,w,el,ow,ao
ux,ix,v,m,dcl,dx
dcl,tcl,v,dcl,b,n
iy,iy,ix,ih,ey,dx
l,l,w,b,ao,ax
k,p,k,b,dh,g
ih,ix,ih,dx,v,r
ae,ae,eh,ay,ix,ah
iy,iy,ih,ix,y,ux
s,sh,s,jh,ch,z
axr,ix,n,dx,dh,m
s,s,z,t,jh,sh
dcl,tcl,dcl,pcl,bcl,gcl
ix,iy,ey,ix,ih,dx
ih,ih,iy,ix,ey,y
ah,ah,r,ow,eh,ay
k,k,g,p,t,hh
kcl,kcl,pcl,f,tcl,v
ah,ix,eh,ih,ax,ae
er,r,ix,axr,er,ih
ix,ix,ih,ey,iy,eh
ch,t,sh,ch,k,f
el,w,l,ao,el,ax
m,n,bcl,dcl,v,b
er,r,axr,l,w,v
r,r,er,axr,aa,eh
bcl,bcl,dcl,gcl,tcl,v
ay,ay,aa,ao,ah,l
l,l,ax,ow,w,uh
iy,ix,iy,axr,ih,dx
n,n,dcl,gcl,tcl,bcl
z,s,sh,jh,z,tcl
axr,ix,dx,r,axr,ih
axr,ae,eh,r,er,axr
r,r,axr,er,ix,eh
kcl,f,kcl,p,b,pcl
dx,dcl,dx,d,tcl,n
s,s,z,tcl,dcl,None
iy,iy,ix,ih,ey,ux
m,m,n,w,bcl,ng
ae,ey,eh,ix,ih,ae
jh,d,dcl,dx,jh,z
bcl,dcl,bcl,tcl,gcl,pcl
l,ax,m,r,l,ao
sh,sh,ch,jh,s,z
pcl,pcl,tcl,kcl,dcl,gcl
axr,axr,er,r,dx,ax
gcl,m,n,gcl,ng,ix
ih,ix,ih,ax,dx,d
sh,sh,f,t,s,ch
dx,iy,y,dx,ux,ih
bcl,m,w,v,bcl,gcl
r,r,ix,iy,axr,ih
m,m,n,iy,ux,v
iy,ix,ih,ey,eh,iy
ih,n,ix,eh,ae,ey
ix,ix,ih,eh,dh,dx
ax,l,b,ax,v,ow
ix,r,axr,ix,er,ax
ax-h,kcl,k,f,t,sh
dx,dcl,d,dx,b,tcl
n,ix,n,ih,m,dx
ax,l,ax,ow,uh,ah